nombre,apellidos,username,password
Arnaldo,Boulden,aboulden0,yaBhsgV
Valle,Vane,vvane1,hognQe
Nellie,Toope,ntoope2,aCNTmlkjQu
Dorian,Lillegard,dlillegard3,21h91nQG4g
Talbot,Harpin,tharpin4,P123iqaYY2D
Francoise,Stopher,fstopher5,GKnCztBE7Ao
Pattin,Zimmerman,pzimmerman6,uIbR47iWm
Foss,Casiroli,fcasiroli7,PIFgMO62w
Constancia,Kieff,ckieff8,8AipHF
Johnny,Abdee,jabdee9,wSfFCyP0
Candra,Hollyman,chollymana,ZnB97qvx6
Way,Haldenby,whaldenbyb,NFiLTTcQsn
Adriana,Sidry,asidryc,equ9bN72f
Morlee,Picopp,mpicoppd,PG0AmHzp2ZH6
Jeramey,Shakshaft,jshakshafte,ocQg3NiDcX9j
Glynis,Ducker,gduckerf,oIlz6xgH3aO7
Virgie,Gathwaite,vgathwaiteg,72N6wrc8Lcv
Candra,Bakey,cbakeyh,AZszJQ
Temp,Vegas,tvegasi,VLWkAnF9E
Griff,Paine,gpainej,ksAhpOCUqXzq
Silvano,Skittrall,sskittrallk,DMhFjdw04e6p
Harlene,Johannes,hjohannesl,jlUmdlfJSY
Nan,Cottel,ncottelm,1ziGjauzTgtn
Lannie,Pacey,lpaceyn,RklpX2Fkq
Michele,Misken,mmiskeno,AkiQiEw2
Stepha,Monckman,smonckmanp,O0P1KOERqCi
Marta,Ingerson,mingersonq,qJ8aiCquMq24
Evin,Corstorphine,ecorstorphiner,8LA9TFSNZR
Bond,Giorgi,bgiorgis,RHl3C0l
Jamaal,Langham,jlanghamt,UFCnjcekTM
Beatriz,Blaisdell,bblaisdellu,jRTE92
Dimitri,Mates,dmatesv,wHz6pi
Aurore,MacVaugh,amacvaughw,EHapdnTQ
Dorette,Beeres,dbeeresx,GWpGmbKWe8
Cortney,Lumbers,clumbersy,bn7bzzqb7fqe
Langston,Dukesbury,ldukesburyz,sdLLvI6FgPog
Lebbie,Sidle,lsidle10,gTX5xo
Marshal,Klisch,mklisch11,81DQIlscTf
Winni,Fesby,wfesby12,dBpACl0
Gianni,Tufts,gtufts13,wXTM8k
Penn,McIndoe,pmcindoe14,GYLsZCZ
Keene,Roark,kroark15,rafoFOky25
Willow,Kornyakov,wkornyakov16,KyEKxDT6
Benoite,Bastard,bbastard17,hyWnSKxGKgvL
Allister,Claiton,aclaiton18,6ENup7qTtK
Ardith,Mulholland,amulholland19,WVQzWMz8xt
Gabrila,Koppen,gkoppen1a,IKD71jNB4
Rica,Robertucci,rrobertucci1b,g4gTV7
Delainey,Renfrew,drenfrew1c,jOtMoilVjZub
Evaleen,Kubera,ekubera1d,6Knu5PKX
Russ,Boni,rboni1e,rP74nJsgD
Lynnea,Glencrash,lglencrash1f,HY0FR1k1Pk
Marylee,Darey,mdarey1g,mCaj1iw
Corina,Abelevitz,cabelevitz1h,cf3bh7Xx9LjY
Mari,Thorogood,mthorogood1i,o7NH8rThJr
Bernardina,Mayall,bmayall1j,2hr5IGN
Dwight,Luchetti,dluchetti1k,kHfSX3BwuB
Park,Phillps,pphillps1l,Xnm9wcJiTn
Cob,Thurlby,cthurlby1m,XndgPoK0V9
Datha,Hauch,dhauch1n,RkyUSeq
Sargent,Wisker,swisker1o,thtBVb
Kelli,Phant,kphant1p,t3hqMwRRNRY0
Kyla,Tolliday,ktolliday1q,9as2355
Dayna,Jeaneau,djeaneau1r,XVZ3c0
Kalle,Shorten,kshorten1s,zYTda0JeViac
Luigi,McDonnell,lmcdonnell1t,baP4cu
Luce,Ohrtmann,lohrtmann1u,l4Hf8h9I6O
Clarabelle,Attawell,cattawell1v,8NRA82hy0W0a
Gage,Jarratt,gjarratt1w,3rEwYInCoVy
Burch,de Chastelain,bdechastelain1x,2WJCBniN
Winona,Keelin,wkeelin1y,VPKleJObg
Maddalena,Redwall,mredwall1z,HgWUF8xjITxm
Wit,Cruden,wcruden20,YdE1C0tWwJV2
Tyler,Carncross,tcarncross21,YJ5wqs
Andras,Goldwater,agoldwater22,bcQG579KQO2y
Nicolai,Bottjer,nbottjer23,jaoD01A
Estella,Musico,emusico24,pUnMW3hW3Wpf
Aile,Hankey,ahankey25,KvfmUv
Webster,Carty,wcarty26,z8C3266
Donnie,Ingleton,dingleton27,BK4a8murpG
Sandy,Heelis,sheelis28,KFvgoD
Clyve,Buckenham,cbuckenham29,Nh0Ovdg
Channa,Dennick,cdennick2a,mktF6p6
Adina,Rispine,arispine2b,zaMGL6vvhC
Demetris,Merit,dmerit2c,FerNWvf5sdnM
Aubree,Windaybank,awindaybank2d,VHPj5nw8iO15
Lilia,Tollfree,ltollfree2e,jGekdv
Janetta,Thirst,jthirst2f,pe07R3PC
Addy,Luckin,aluckin2g,v3kxiu
Camilla,Leetham,cleetham2h,2m4q95WsJ
Shela,Jakubovics,sjakubovics2i,oUdZtScuS
Mady,Fourman,mfourman2j,2DfuzG7hrKb
Geoff,Kinig,gkinig2k,8Xeni4kpf5p
Nevil,Linstead,nlinstead2l,ek0E44f
Terrence,Calfe,tcalfe2m,GJGpVtcT3T
Kaitlyn,Rizzolo,krizzolo2n,XnJWSocOJE75
Lindsay,Villiers,lvilliers2o,T6DFW4HF
Ilse,Ortler,iortler2p,XraDZbf7E
Amara,Chivrall,achivrall2q,h7aW0JWpL
Timofei,Biasioni,tbiasioni2r,HW3nu7YjF
